-- phpMyAdmin SQL Dump
-- version 5.2.1
-- https://www.phpmyadmin.net/
--
-- Servidor: 127.0.0.1
-- Tiempo de generación: 04-07-2025 a las 08:06:34
-- Versión del servidor: 10.4.32-MariaDB
-- Versión de PHP: 8.2.12

SET SQL_MODE = "NO_AUTO_VALUE_ON_ZERO";
START TRANSACTION;
SET time_zone = "+00:00";


/*!40101 SET @OLD_CHARACTER_SET_CLIENT=@@CHARACTER_SET_CLIENT */;
/*!40101 SET @OLD_CHARACTER_SET_RESULTS=@@CHARACTER_SET_RESULTS */;
/*!40101 SET @OLD_COLLATION_CONNECTION=@@COLLATION_CONNECTION */;
/*!40101 SET NAMES utf8mb4 */;

--
-- Base de datos: `mysticalcut-db`
--
CREATE DATABASE IF NOT EXISTS `mysticalcut-db` DEFAULT CHARACTER SET utf8mb4 COLLATE utf8mb4_general_ci;
USE `mysticalcut-db`;

DELIMITER $$
--
-- Procedimientos
--
CREATE DEFINER=`root`@`localhost` PROCEDURE `sp_role_module` (IN `idRole` INT)   BEGIN
SELECT ROL.role_name AS `role_fk`,MD.module_name AS `role_module`,MD.module_icon,MD.module_description, MD.module_route FROM role_module AS RM 
INNER JOIN role AS ROL ON RM.role_fk=ROL.role_id
INNER JOIN module AS MD ON RM.module_fk=MD.module_id
WHERE ROL.role_id=idRole;
END$$

CREATE DEFINER=`root`@`localhost` PROCEDURE `sp_user_all` ()   BEGIN
SELECT `user_email`, `user_id`,`full_name`,`user_password`, UST.userStatus_name AS `userStatus_fk`, ROL.role_name AS `role_fk` FROM `user` AS US  
INNER JOIN role AS ROL ON US.role_fk=ROL.role_id
INNER JOIN userstatus AS UST  ON US.userStatus_fk=UST.userStatus_id
WHERE US.userStatus_fk=1
;
END$$

CREATE DEFINER=`root`@`localhost` PROCEDURE `sp_user_all_paginated` (IN `offset` INT, IN `limit_rows` INT)   BEGIN
    SET @query = CONCAT('SELECT * FROM user LIMIT ', offset, ', ', limit_rows);
    PREPARE stmt FROM @query;
    EXECUTE stmt;
    DEALLOCATE PREPARE stmt;
END$$

CREATE DEFINER=`root`@`localhost` PROCEDURE `sp_user_count` ()   BEGIN
    SELECT COUNT(*) AS total_users 
    FROM user;
END$$

CREATE DEFINER=`root`@`localhost` PROCEDURE `sp_user_create` (IN `p_user_email` VARCHAR(100), IN `p_user_password` VARCHAR(255), IN `p_full_name` VARCHAR(100), IN `p_userStatus_fk` VARCHAR(20), IN `p_role_fk` INT)   BEGIN
-- Si no se pasa el estado, se asigna el valor predeterminado 'activo'
    IF p_userStatus_fk IS NULL THEN
        SET p_userStatus_fk = 1;
    END IF;
    -- Si no se pasa el rol, se asigna el valor predeterminado 1
    IF p_role_fk IS NULL THEN
        SET p_role_fk = 3;
    END IF;

    -- Inserta el nuevo usuario con los valores proporcionados o los predeterminados
    INSERT INTO user (
         user_email, user_password, full_name, userStatus_fk, role_fk 
    ) 
    VALUES (
        
        p_user_email, 
        p_user_password, 
        p_full_name, 
        p_userStatus_fk,    -- Estado (si es NULL, se asigna 'activo')
        p_role_fk  -- Rol (si es NULL, se asigna 1)
        
    );
END$$

CREATE DEFINER=`root`@`localhost` PROCEDURE `sp_user_search` (IN `dataSearch` VARCHAR(60))   BEGIN
SELECT `user_id`,`user_email`,`user_password`, UST.userStatus_name AS `userStatus_fk`, ROL.role_name AS `role_fk` FROM `user` AS US  
INNER JOIN role AS ROL ON US.role_fk=ROL.role_id
INNER JOIN userstatus AS UST  ON US.userStatus_fk=UST.userStatus_id 
WHERE ROL.role_name=dataSearch OR UST.userStatus_name=dataSearch OR US.user_email=dataSearch;
END$$

DELIMITER ;

-- --------------------------------------------------------

--
-- Estructura de tabla para la tabla `category_product`
--

CREATE TABLE IF NOT EXISTS `category_product` (
  `id_category` int(11) NOT NULL,
  `name` varchar(100) DEFAULT NULL,
  PRIMARY KEY (`id_category`)
) ENGINE=InnoDB DEFAULT CHARSET=utf8mb4 COLLATE=utf8mb4_general_ci;

--
-- Truncar tablas antes de insertar `category_product`
--

TRUNCATE TABLE `category_product`;
--
-- Volcado de datos para la tabla `category_product`
--

INSERT INTO `category_product` (`id_category`, `name`) VALUES
(1, 'Cabello'),
(2, 'Belleza'),
(3, 'Tintes y Coloración'),
(4, 'Tratamientos Capilares'),
(5, 'Productos de Estilo');

-- --------------------------------------------------------

--
-- Estructura de tabla para la tabla `category_services`
--

CREATE TABLE IF NOT EXISTS `category_services` (
  `id_category_services` int(11) NOT NULL,
  `name` varchar(100) DEFAULT NULL,
  PRIMARY KEY (`id_category_services`)
) ENGINE=InnoDB DEFAULT CHARSET=utf8mb4 COLLATE=utf8mb4_general_ci;

--
-- Truncar tablas antes de insertar `category_services`
--

TRUNCATE TABLE `category_services`;
--
-- Volcado de datos para la tabla `category_services`
--

INSERT INTO `category_services` (`id_category_services`, `name`) VALUES
(1, 'Cortes'),
(2, 'Barba'),
(3, 'Cejas'),
(4, 'Tintes'),
(5, 'Combos');

-- --------------------------------------------------------

--
-- Estructura de tabla para la tabla `document_type`
--

CREATE TABLE IF NOT EXISTS `document_type` (
  `id_doctypes` int(11) NOT NULL AUTO_INCREMENT,
  `doctype_name` varchar(50) DEFAULT NULL,
  PRIMARY KEY (`id_doctypes`)
) ENGINE=InnoDB AUTO_INCREMENT=4 DEFAULT CHARSET=utf8mb4 COLLATE=utf8mb4_general_ci;

--
-- Truncar tablas antes de insertar `document_type`
--

TRUNCATE TABLE `document_type`;
--
-- Volcado de datos para la tabla `document_type`
--

INSERT INTO `document_type` (`id_doctypes`, `doctype_name`) VALUES
(1, 'Cedula de ciudadania'),
(2, 'Tarjeta de identidad'),
(3, 'Cedula de extranjeria');

-- --------------------------------------------------------

--
-- Estructura de tabla para la tabla `facture`
--

CREATE TABLE IF NOT EXISTS `facture` (
  `id_facture` int(11) NOT NULL AUTO_INCREMENT,
  `date` date NOT NULL,
  `total_value` float NOT NULL,
  `user_fk` int(11) DEFAULT NULL,
  PRIMARY KEY (`id_facture`),
  KEY `fk_factura_usuario` (`user_fk`)
) ENGINE=InnoDB AUTO_INCREMENT=6 DEFAULT CHARSET=utf8mb4 COLLATE=utf8mb4_general_ci;

--
-- Truncar tablas antes de insertar `facture`
--

TRUNCATE TABLE `facture`;
--
-- Volcado de datos para la tabla `facture`
--

INSERT INTO `facture` (`id_facture`, `date`, `total_value`, `user_fk`) VALUES
(1, '2024-12-03', 150.75, 1),
(2, '2024-12-03', 180.75, 1),
(3, '2024-12-03', 160.75, 1),
(4, '2024-12-04', 250, 1),
(5, '2024-12-04', 350, 1);

-- --------------------------------------------------------

--
-- Estructura de tabla para la tabla `module`
--

CREATE TABLE IF NOT EXISTS `module` (
  `module_id` int(11) NOT NULL AUTO_INCREMENT,
  `module_name` varchar(20) NOT NULL,
  `module_route` varchar(20) NOT NULL,
  `module_icon` varchar(40) NOT NULL,
  `module_description` varchar(200) NOT NULL,
  PRIMARY KEY (`module_id`),
  UNIQUE KEY `module_name` (`module_name`),
  UNIQUE KEY `module_route` (`module_route`)
) ENGINE=InnoDB AUTO_INCREMENT=4 DEFAULT CHARSET=utf8mb4 COLLATE=utf8mb4_general_ci;

--
-- Truncar tablas antes de insertar `module`
--

TRUNCATE TABLE `module`;
--
-- Volcado de datos para la tabla `module`
--

INSERT INTO `module` (`module_id`, `module_name`, `module_route`, `module_icon`, `module_description`) VALUES
(1, 'Home', 'home/home', '<i class=\"bi bi-house-fill\"></i>', 'This is module home'),
(2, 'User', 'user/index', '<i class=\"bi bi-person-badge-fill\"></i>', 'This is module user'),
(3, 'Servicio', 'services/index', '<i class=\"bi bi-clipboard-check\"></i>', 'This is module facture');

-- --------------------------------------------------------

--
-- Estructura de tabla para la tabla `product`
--

CREATE TABLE IF NOT EXISTS `product` (
  `id_product` int(11) NOT NULL AUTO_INCREMENT,
  `name` varchar(100) NOT NULL,
  `price` float NOT NULL,
  `description` varchar(255) DEFAULT NULL,
  `amount` int(11) NOT NULL,
  `id_category` int(11) DEFAULT NULL,
  `id_status` int(11) NOT NULL DEFAULT 1,
  `image` varchar(255) DEFAULT NULL,
  PRIMARY KEY (`id_product`),
  KEY `fk_categoria` (`id_category`),
  KEY `fk_product_status` (`id_status`)
) ENGINE=InnoDB AUTO_INCREMENT=12 DEFAULT CHARSET=utf8mb4 COLLATE=utf8mb4_general_ci;

--
-- Truncar tablas antes de insertar `product`
--

TRUNCATE TABLE `product`;
--
-- Volcado de datos para la tabla `product`
--

INSERT INTO `product` (`id_product`, `name`, `price`, `description`, `amount`, `id_category`, `id_status`, `image`) VALUES
(1, 'Cepillo Capilar', 15000, 'Cepillo para cabello delicado', 10, 1, 1, 'cepillo.jpg'),
(2, 'Afeitado Tradicional', 10000, 'Afeitado con navaja y toalla caliente', 15, 2, 1, 'barbero2.png'),
(3, 'Tinte para Cabello', 30000, 'Tinte permanente para cabello', 5, 3, 1, 'barbero1.jpg'),
(4, 'Tratamiento de Keratina', 50000, 'Hidratación profunda con keratina', 3, 4, 1, 'barbero3.jpg'),
(5, 'Pomada para el Cabello', 12000, 'Pomada con fijación media para peinado', 20, 5, 1, 'barbero4.jpg'),
(6, 'Corte irlandes', 28000, 'Corte para gente de irlanda', 12, 1, 1, 'barbero4.jpg'),
(7, 'Corte Makio', 28000, 'Corte para gente', 12, 1, 1, 'barbero4.jpg'),
(8, 'Corte Chimba', 28000, 'Corte para gente re chimba', 12, 1, 1, 'barbero4.jpg'),
(9, 'Maquina re Chimba', 28000, 'Para gente re chimba', 12, 1, 1, 'barbero4.jpg'),
(11, 'Maquina re Chimba', 28000, 'Para gente re chimba', 12, 1, 1, 'barbero1.jpg');

-- --------------------------------------------------------

--
-- Estructura de tabla para la tabla `product_invoice_detail`
--

CREATE TABLE IF NOT EXISTS `product_invoice_detail` (
  `amount` int(11) NOT NULL,
  `price` float DEFAULT NULL,
  `id_facture` int(11) NOT NULL,
  `id_product` int(11) NOT NULL,
  KEY `fk_product_invoice_detail` (`id_facture`),
  KEY `fk_detail_invoice_product_product` (`id_product`)
) ENGINE=InnoDB DEFAULT CHARSET=utf8mb4 COLLATE=utf8mb4_general_ci;

--
-- Truncar tablas antes de insertar `product_invoice_detail`
--

TRUNCATE TABLE `product_invoice_detail`;
--
-- Volcado de datos para la tabla `product_invoice_detail`
--

INSERT INTO `product_invoice_detail` (`amount`, `price`, `id_facture`, `id_product`) VALUES
(2, 30, 1, 1),
(1, 20, 2, 2),
(3, 36, 3, 3),
(1, 18, 4, 4),
(2, 100, 5, 5),
(2, 30, 1, 1),
(1, 20, 2, 2),
(3, 36, 3, 3),
(1, 18, 4, 4),
(2, 100, 5, 5);

-- --------------------------------------------------------

--
-- Estructura de tabla para la tabla `product_status`
--

CREATE TABLE IF NOT EXISTS `product_status` (
  `id_status` int(11) NOT NULL AUTO_INCREMENT,
  `name_status` varchar(50) NOT NULL,
  PRIMARY KEY (`id_status`)
) ENGINE=InnoDB AUTO_INCREMENT=4 DEFAULT CHARSET=utf8mb4 COLLATE=utf8mb4_general_ci;

--
-- Truncar tablas antes de insertar `product_status`
--

TRUNCATE TABLE `product_status`;
--
-- Volcado de datos para la tabla `product_status`
--

INSERT INTO `product_status` (`id_status`, `name_status`) VALUES
(1, 'Active'),
(2, 'Spent'),
(3, 'Inactive');

-- --------------------------------------------------------

--
-- Estructura de tabla para la tabla `quotes`
--

CREATE TABLE IF NOT EXISTS `quotes` (
  `id_quotes` int(11) NOT NULL AUTO_INCREMENT,
  `date_time` timestamp NOT NULL DEFAULT current_timestamp() ON UPDATE current_timestamp(),
  `end_time` timestamp NOT NULL DEFAULT current_timestamp(),
  `state_quotes` varchar(50) DEFAULT NULL,
  `user_id` int(11) DEFAULT NULL,
  `barber_id` int(11) NOT NULL,
  `id_services` int(11) DEFAULT NULL,
  PRIMARY KEY (`id_quotes`),
  KEY `fk_appointment_user` (`user_id`),
  KEY `fk_quotes_services` (`id_services`),
  KEY `fk_barber_user` (`barber_id`)
) ENGINE=InnoDB AUTO_INCREMENT=27 DEFAULT CHARSET=utf8mb4 COLLATE=utf8mb4_general_ci;

--
-- Truncar tablas antes de insertar `quotes`
--

TRUNCATE TABLE `quotes`;
--
-- Volcado de datos para la tabla `quotes`
--

INSERT INTO `quotes` (`id_quotes`, `date_time`, `end_time`, `state_quotes`, `user_id`, `barber_id`, `id_services`) VALUES
(1, '2025-04-21 03:11:41', '2025-04-20 13:30:00', 'pendiente', 6, 11, 6),
(2, '2025-04-21 03:26:44', '2025-04-20 14:30:00', 'finalizada', 6, 12, 11),
(3, '2025-04-21 03:27:07', '2025-04-20 13:15:00', 'finalizada', 6, 13, 16),
(4, '2025-04-20 13:00:00', '2025-04-20 13:45:00', 'pendiente', 6, 14, 21),
(5, '2025-04-20 13:00:00', '2025-04-20 13:50:00', 'pendiente', 6, 15, 26),
(6, '2025-04-20 14:00:00', '2025-04-20 14:30:00', 'pendiente', 7, 11, 6),
(7, '2025-04-20 15:00:00', '2025-04-20 16:30:00', 'pendiente', 7, 12, 11),
(8, '2025-04-20 14:00:00', '2025-04-20 14:15:00', 'pendiente', 7, 13, 16),
(9, '2025-04-20 15:00:00', '2025-04-20 15:45:00', 'pendiente', 7, 14, 21),
(10, '2025-04-20 14:00:00', '2025-04-20 14:50:00', 'pendiente', 7, 15, 26),
(11, '2025-04-21 13:00:00', '2025-04-21 13:30:00', 'pendiente', 8, 11, 6),
(12, '2025-04-21 14:00:00', '2025-04-21 15:30:00', 'pendiente', 8, 12, 11),
(13, '2025-04-21 03:27:06', '2025-04-21 15:15:00', 'finalizada', 8, 13, 16),
(14, '2025-04-21 03:27:27', '2025-04-21 16:45:00', 'cancelada', 8, 14, 21),
(15, '2025-04-21 03:27:43', '2025-04-22 20:50:00', 'finalizada', 8, 15, 26),
(16, '2025-04-21 03:26:16', '2025-04-23 13:30:00', 'finalizada', 9, 11, 6),
(17, '2025-04-21 03:26:45', '2025-04-21 01:30:00', 'cancelada', 9, 12, 11),
(18, '2025-04-21 00:00:00', '2025-04-21 00:15:00', 'pendiente', 9, 13, 16),
(19, '2025-04-20 23:00:00', '2025-04-21 00:00:00', 'pendiente', 9, 14, 22),
(20, '2025-04-21 00:00:00', '2025-04-21 01:15:00', 'pendiente', 9, 15, 29),
(21, '2025-04-21 03:26:12', '2025-04-24 13:30:00', 'cancelada', 10, 11, 6),
(22, '2025-04-21 03:26:43', '2025-04-22 13:50:00', 'cancelada', 10, 12, 13),
(23, '2025-04-21 03:27:05', '2025-04-30 13:30:00', 'cancelada', 10, 13, 18),
(24, '2025-04-21 03:27:25', '2025-04-26 14:00:00', 'finalizada', 10, 14, 22),
(25, '2025-04-21 03:27:42', '2025-04-30 13:45:00', 'cancelada', 10, 15, 27),
(26, '2025-04-22 13:00:00', '2025-04-22 13:35:00', 'pendiente', 6, 11, 7);

-- --------------------------------------------------------

--
-- Estructura de tabla para la tabla `role`
--

CREATE TABLE IF NOT EXISTS `role` (
  `role_id` int(11) NOT NULL AUTO_INCREMENT,
  `role_name` varchar(20) NOT NULL,
  PRIMARY KEY (`role_id`),
  UNIQUE KEY `role_name` (`role_name`)
) ENGINE=InnoDB AUTO_INCREMENT=4 DEFAULT CHARSET=utf8mb4 COLLATE=utf8mb4_general_ci;

--
-- Truncar tablas antes de insertar `role`
--

TRUNCATE TABLE `role`;
--
-- Volcado de datos para la tabla `role`
--

INSERT INTO `role` (`role_id`, `role_name`) VALUES
(1, 'Admin'),
(3, 'Client'),
(2, 'Employee');

-- --------------------------------------------------------

--
-- Estructura de tabla para la tabla `role_module`
--

CREATE TABLE IF NOT EXISTS `role_module` (
  `roleModule_id` int(11) NOT NULL AUTO_INCREMENT,
  `role_fk` int(11) NOT NULL,
  `module_fk` int(11) NOT NULL,
  PRIMARY KEY (`roleModule_id`),
  KEY `role_module_role` (`role_fk`),
  KEY `role_module_module` (`module_fk`)
) ENGINE=InnoDB AUTO_INCREMENT=6 DEFAULT CHARSET=utf8mb4 COLLATE=utf8mb4_general_ci;

--
-- Truncar tablas antes de insertar `role_module`
--

TRUNCATE TABLE `role_module`;
--
-- Volcado de datos para la tabla `role_module`
--

INSERT INTO `role_module` (`roleModule_id`, `role_fk`, `module_fk`) VALUES
(1, 1, 1),
(2, 1, 2),
(3, 2, 1),
(4, 3, 1),
(5, 1, 3);

-- --------------------------------------------------------

--
-- Estructura de tabla para la tabla `services`
--

CREATE TABLE IF NOT EXISTS `services` (
  `id_services` int(11) NOT NULL AUTO_INCREMENT,
  `name_service` varchar(255) DEFAULT NULL,
  `description` varchar(255) NOT NULL,
  `estimated_time` time DEFAULT NULL,
  `price` float DEFAULT NULL,
  `id_category_services` int(11) NOT NULL,
  `image` varchar(255) DEFAULT NULL,
  `id_status` int(11) DEFAULT 1,
  PRIMARY KEY (`id_services`),
  KEY `fk_categoria_Servicios` (`id_category_services`),
  KEY `fk_status` (`id_status`)
) ENGINE=InnoDB AUTO_INCREMENT=31 DEFAULT CHARSET=utf8mb4 COLLATE=utf8mb4_general_ci;

--
-- Truncar tablas antes de insertar `services`
--

TRUNCATE TABLE `services`;
--
-- Volcado de datos para la tabla `services`
--

INSERT INTO `services` (`id_services`, `name_service`, `description`, `estimated_time`, `price`, `id_category_services`, `image`, `id_status`) VALUES
(1, 'Corte Clásico', 'Corte clasico para gente wapa', '00:30:00', 15, 1, 'barbero1.jpg', 2),
(2, 'Afeitado Tradicional', 'Afeitado tranquilon para gente wapa', '00:20:00', 10, 2, NULL, 2),
(3, 'Tinte Capilar', 'Tinte bien mamalon para gente wapa', '01:00:00', 40, 3, NULL, 2),
(4, 'Tratamiento Hidratan', 'Tratamiento que hidrata para gente wapa', '00:45:00', 25, 4, NULL, 2),
(5, 'Corte Infantil', 'Corte infantil para niños bien wapos', '00:25:00', 12000, 5, NULL, 2),
(6, 'Corte Clásico', 'Corte tradicional con acabado limpio y elegante.', '00:30:00', 18000, 1, NULL, 1),
(7, 'Fade Bajo', 'Degradado bajo con diseño moderno y perfilado incluido.', '00:35:00', 22000, 1, NULL, 1),
(8, 'Corte con Tijera', 'Corte completo realizado solo con tijera, ideal para cabello largo.', '00:40:00', 25000, 1, NULL, 1),
(9, 'Corte Infantil', 'Corte para niños con técnicas suaves y amigables.', '00:25:00', 15000, 1, NULL, 1),
(10, 'Corte Ejecutivo', 'Corte formal y profesional para hombres de oficina.', '00:30:00', 20000, 1, NULL, 1),
(11, 'Perfilado de Barba', 'Perfilado de contorno con máquina y navaja.', '01:30:00', 12000, 2, NULL, 1),
(12, 'Afeitado Tradicional', 'Afeitado completo con toalla caliente y crema especial.', '00:55:00', 15000, 2, NULL, 1),
(13, 'Diseño de Barba', 'Estilizado personalizado con formas y detalles.', '00:50:00', 18000, 2, NULL, 1),
(14, 'Mantenimiento de Barba', 'Recorte y limpieza general de barba.', '01:40:00', 10000, 2, NULL, 1),
(15, 'Diseño Barba', 'Tratamiento de barba con hidratación y aceites esenciales.', '01:30:00', 60000, 2, NULL, 1),
(16, 'Diseño de Cejas Masculino', 'Limpieza y forma natural, adaptado al rostro masculino.', '00:15:00', 10000, 3, NULL, 1),
(17, 'Depilación con Cera', 'Eliminación de exceso de vello con cera fría o caliente.', '00:10:00', 8000, 3, NULL, 1),
(18, 'Cejas con Pinza', 'Eliminación de exceso de vello con cera fría o caliente.', '00:30:00', 9000, 3, NULL, 1),
(19, 'Diseño Artístico de Cejas', 'Forma más estilizada y estética con simetría.', '00:20:00', 12000, 3, NULL, 1),
(20, 'Retoque de Cejas', 'Descripción: Mantenimiento rápido para conservar el diseño.', '00:10:00', 10000, 3, NULL, 1),
(21, 'Tinte para Canas', 'Cobertura total de canas con color natural.', '00:45:00', 30000, 4, NULL, 1),
(22, 'Color Fantasía', 'Aplicación de colores vivos como azul, rojo o verde.', '01:00:00', 45000, 4, NULL, 1),
(23, 'Reflejos o Iluminaciones', 'Aclaración parcial para dar brillo y textura.', '01:10:00', 50000, 4, NULL, 1),
(24, 'Baño de Color', 'Refrescamiento del tono actual sin dañar el cabello.', '00:40:00', 28000, 4, NULL, 1),
(25, 'Tinte Negro Intenso', ' Aplicación de negro profundo con brillo duradero.', '00:45:00', 32000, 4, NULL, 1),
(26, 'Corte + Barba', 'Servicio completo con corte y perfilado de barba.', '00:50:00', 30000, 5, NULL, 1),
(27, 'Corte + Cejas', 'Corte moderno y diseño de cejas incluidos.', '00:45:00', 28000, 5, NULL, 1),
(28, 'Corte + Barba + Cejas', 'Paquete para renovar tu estilo completo.', '01:00:00', 40000, 5, NULL, 1),
(29, 'Corte + Tinte', 'Corte más aplicación de tinte del color que elijas.', '01:15:00', 50000, 5, NULL, 1),
(30, 'Combo Deluxe (Todo incluido)', 'Corte, barba, cejas, tinte y lavado. Experiencia completa.', '01:30:00', 100000, 5, NULL, 1);

-- --------------------------------------------------------

--
-- Estructura de tabla para la tabla `service_invoice_detail`
--

CREATE TABLE IF NOT EXISTS `service_invoice_detail` (
  `amount` int(11) NOT NULL,
  `price` float DEFAULT NULL,
  `id_facture` int(11) NOT NULL,
  `id_services` int(11) NOT NULL,
  KEY `fk_service_invoice_detail` (`id_facture`),
  KEY `fk_detail_invoice_service_service` (`id_services`)
) ENGINE=InnoDB DEFAULT CHARSET=utf8mb4 COLLATE=utf8mb4_general_ci;

--
-- Truncar tablas antes de insertar `service_invoice_detail`
--

TRUNCATE TABLE `service_invoice_detail`;
--
-- Volcado de datos para la tabla `service_invoice_detail`
--

INSERT INTO `service_invoice_detail` (`amount`, `price`, `id_facture`, `id_services`) VALUES
(1, 15, 1, 1),
(1, 10, 2, 2),
(2, 80, 3, 3),
(1, 25, 4, 4),
(3, 36, 5, 5),
(1, 15, 1, 1),
(1, 10, 2, 2),
(2, 80, 3, 3),
(1, 25, 4, 4),
(3, 36, 5, 5);

-- --------------------------------------------------------

--
-- Estructura de tabla para la tabla `service_status`
--

CREATE TABLE IF NOT EXISTS `service_status` (
  `id_status` int(11) NOT NULL,
  `name_status` varchar(50) DEFAULT NULL,
  PRIMARY KEY (`id_status`)
) ENGINE=InnoDB DEFAULT CHARSET=utf8mb4 COLLATE=utf8mb4_general_ci;

--
-- Truncar tablas antes de insertar `service_status`
--

TRUNCATE TABLE `service_status`;
--
-- Volcado de datos para la tabla `service_status`
--

INSERT INTO `service_status` (`id_status`, `name_status`) VALUES
(1, 'Active'),
(2, 'Inactive');

-- --------------------------------------------------------

--
-- Estructura de tabla para la tabla `type_of_quotes`
--

CREATE TABLE IF NOT EXISTS `type_of_quotes` (
  `id_quotes` int(11) NOT NULL,
  `id_services` int(11) NOT NULL,
  `barber_id` int(11) DEFAULT NULL,
  KEY `fk_type_citation_citation` (`id_quotes`),
  KEY `fk_type_appointment_service` (`id_services`)
) ENGINE=InnoDB DEFAULT CHARSET=utf8mb4 COLLATE=utf8mb4_general_ci;

--
-- Truncar tablas antes de insertar `type_of_quotes`
--

TRUNCATE TABLE `type_of_quotes`;
-- --------------------------------------------------------

--
-- Estructura de tabla para la tabla `user`
--

CREATE TABLE IF NOT EXISTS `user` (
  `user_id` int(11) NOT NULL AUTO_INCREMENT,
  `user_email` varchar(30) NOT NULL,
  `user_password` varchar(256) NOT NULL,
  `full_name` varchar(100) NOT NULL,
  `document_number` varchar(20) NOT NULL,
  `userStatus_fk` int(11) NOT NULL,
  `role_fk` int(11) NOT NULL,
  `type_document_id` int(11) DEFAULT NULL,
  `address` varchar(255) DEFAULT NULL,
  `phone` varchar(20) NOT NULL,
  `reset_token` varchar(64) DEFAULT NULL,
  `reset_token_expires` bigint(20) DEFAULT NULL,
  `profile_image` varchar(255) DEFAULT NULL,
  PRIMARY KEY (`user_id`),
  UNIQUE KEY `user_email` (`user_email`),
  UNIQUE KEY `unique_document` (`document_number`),
  KEY `user_role` (`role_fk`),
  KEY `user_status` (`userStatus_fk`),
  KEY `fk_id_tipo_docuemnto_User` (`type_document_id`)
) ENGINE=InnoDB AUTO_INCREMENT=34 DEFAULT CHARSET=utf8mb4 COLLATE=utf8mb4_general_ci;

--
-- Truncar tablas antes de insertar `user`
--

TRUNCATE TABLE `user`;
--
-- Volcado de datos para la tabla `user`
--

INSERT INTO `user` (`user_id`, `user_email`, `user_password`, `full_name`, `document_number`, `userStatus_fk`, `role_fk`, `type_document_id`, `address`, `phone`, `reset_token`, `reset_token_expires`, `profile_image`) VALUES
(1, 'kevinsabogal24@gmail.com', '$2b$10$KrXsJ0DbEIjUreWNU/zP5.4CGVPLs/9ONHNBL8vYxrg/T3lIvsWPG', 'Kevin David Sabogal', '1000619691', 1, 1, 1, 'Carrera 14 #22-45', '3003113203', 'eyJhbGciOiJIUzI1NiIsInR5cCI6IkpXVCJ9.eyJpZCI6MSwiaWF0IjoxNzQ4NjU', 1748659336571, NULL),
(2, 'andresecasvar05@gmail.com', '$2b$10$G4LI.65vWDQtQt/xHCqjoeRGr6.DA.BzN9gBwnWZLlre8jrdlmZaG', 'Andres Esteban Castañeda', '1000621126', 1, 1, 2, 'Carrera 14 #22-46', '3175248114', 'dc28b1c23bc20cd6b7caa4bfe50597b528cfd658f9ad980afc35011ebbf6b8bb', 1744439824665, NULL),
(3, 'leonoscarandres04@gmail.com', '$2b$10$dFflL6U2p5bvKgUy7IzaFemCXq4qncY/l4HUOhLMQ48dDiG2Xd556', 'Oscar Andres Leon', '1000313313', 1, 1, 3, 'Carrera 14 #22-47', '3209241730', NULL, NULL, NULL),
(4, 'hharold855@gmail.com', '$2b$10$fRboAzBQ0DA/lSPpBvb9F.U3AuESKjE9GVfk5a4CfdjIR1mw4vJnm', 'Harold David Hernandez', '1000919919', 1, 1, 1, 'Carrera 14 #22-48', '3212709274', NULL, NULL, NULL),
(5, 'administrador5@gmail.com', '$2b$10$KfluppChqXKJ/LywSYglc.xM.B5ZlhWRvQF1T2OrofFMJoqUqCnaC', 'Administrador', '7142565', 1, 1, 1, 'Carrera 14 #22-49', '12345678', NULL, NULL, NULL),
(6, 'juan.perez@email.com', '$2b$10$eukDCrAnH5VEzSrtiPd09utHjQxtDjwcyg.0Tp9c0WcApU6PcKSAu', 'Juan Pérez', '12345678', 1, 3, 1, 'Calle Falsa 123, Ciudad', '612345678', NULL, NULL, NULL),
(7, 'maria.gomez@email.com', '$2b$10$yr26ZIDnfAZrmKEGRPF7jOjiZCQVuFaKtAJ2UfA5gshQMyYSpwHpq', 'María Gómez', '23456789', 2, 3, 2, 'Avenida Siempre Viva 456, Ciudad', '623056789', NULL, NULL, NULL),
(8, 'carlos.rodriguez@email.com', '$2b$10$.WyXUBn0TcdPV.Gipg.zGuYOJXzmWhUtcEVBDIwUDc3UPU5uZMD1G', 'Carlos Rodríguez', '34567890', 1, 3, 3, 'Plaza Mayor 789, Ciudad', '634567890', NULL, NULL, NULL),
(9, 'ana.martinez@email.com', '$2b$10$o.MzU40UWg0bciyb/KiZ8uJdf9A3uUkQOib8rezB1JrkNW4eHjXDq', 'Ana Martínez', '45678901', 2, 3, 2, 'Calle de la Luna 101, Ciudad', '645678901', NULL, NULL, NULL),
(10, 'pedro.sanchez@email.com', '$2b$10$rKj6PdoyMn2NWXuiHu89OeKTiFvu0Gtu5Awt57WRpKKgw1LovzcRa', 'Pedro Sánchez', '56789012', 1, 3, 2, 'Calle Sol 202, Ciudad', '656789012', NULL, NULL, NULL),
(11, 'alberto.diaz@email.com', '$2b$10$lLTvn2EkHYfaSUEes4bmFOOxLaUyFqje9yUegIfLJ2d9d5/vQxjjK', 'Alberto Díaz', '87654321', 1, 2, 1, 'Calle del Río 10, Ciudad', '654321987', NULL, NULL, NULL),
(12, 'beatriz.lopez@email.com', '$2b$10$oMkSObP9WG.iNOHMGGItIeFoSsqlBj2oNEbHPBf0UB5uMRUTuERXm', 'Beatriz López', '98765432', 1, 2, 1, 'Avenida de la Paz 22, Ciudad', '665432198', NULL, NULL, NULL),
(13, 'carlos.torres@email.com', '$2b$10$ZGRDW/HHXY1LnP0yW2Z6KODhGgZex8RNvKx0itTHGcPGThgxZjeMq', 'Carlos Torres', '19876543', 1, 2, 1, 'Calle del Mar 33, Ciudad', '676543209', NULL, NULL, NULL),
(14, 'diana.perez@email.com', '$2b$10$t4UdON04AcTKY4sCqpi53usYtl2HDxF2ZxIi5Ia2E6NIuLHb3sDeO', 'Diana Pérez', '20987654', 1, 2, 1, 'Calle del Sol 44, Ciudad', '687654320', NULL, NULL, NULL),
(15, 'enrique.garcia@email.com', '$2b$10$VTQ5TnBD6NICQYpbv.Z4feZdWx5yIm1R.0wwY4ZJ6zqZ7pOt8avIS', 'Enrique García', '32098765', 1, 2, 1, 'Plaza del Mercado 55, Ciudad', '698765431', NULL, NULL, NULL),
(16, 'laura.ramirez@email.com', '$2b$10$ijDdJ9OHJDcVKR59GB1zvuyaOpuUducPKMyF7HyTdQ6z0oV2/43NO', 'Laura Ramírez', '67890123', 3, 2, 1, 'Calle del Bosque 77, Ciudad', '667890123', NULL, NULL, NULL),
(17, 'jorge.herrera@email.com', '$2b$10$o4RCNURGkNWXiuBnJpy2n.f01WJEV7I.daoJb9SPoVgNzHQZP0dwC', ' Jorge Herrera', '78901234', 3, 1, 2, 'Avenida Central 88, Ciudad', '678901234', NULL, NULL, NULL),
(18, 'valentina.castro@email.com', '$2b$10$Gdit8uwRC04sI6TGoUUsBeyHs5w360aCpfG0CGUkNEzuuSKat9IFK', 'Valentina Castro', '89012345', 3, 3, 3, 'Calle del Lago 99, Ciudad', '689012345', NULL, NULL, NULL),
(19, 'andres.molina@email.com', '$2b$10$usQTEFETGKcMXBskewLRiOf2PJ2R4zG9DHWAyHNSp0b1p3oygzJAW', 'Andrés Molina', '90123456', 3, 3, 1, 'Calle Primavera 100, Ciudad', '690123456', NULL, NULL, NULL),
(20, 'camila.navarro@email.com', '$2b$10$4o9ylGQZpIp.piAWI8N/h.Sbql32aIYU9uUzQbGwuenY4NsZAvzse', 'Camila Navarro', '11223344', 3, 3, 2, 'Calle del Olivo 111, Ciudad', '611223344', NULL, NULL, NULL),
(21, 'prueba1@gmail.com', '$2b$10$Zh4yfNiGtm3j2/UTmm5hPub4lH5oGozNuOnvF1GUPSALWNv6tk4/O', 'Prueba Prueba', '1000222333', 4, 3, 2, 'Calle 50 #34-45', '3201122323', NULL, NULL, NULL),
(22, 'Bot-services@gmail.com', '$2b$10$JfXLLLE/tbvjjLiElJnyHOswupMPtiuLVVPDZEAnuLIq8hy0jtdcm', 'Bot Automati', '1655852236', 1, 3, 1, 'Carrera 11 J b #98 - 70', '3003113255', NULL, NULL, NULL);

-- --------------------------------------------------------

--
-- Estructura de tabla para la tabla `userstatus`
--

CREATE TABLE IF NOT EXISTS `userstatus` (
  `userStatus_id` int(11) NOT NULL AUTO_INCREMENT,
  `userStatus_name` varchar(20) NOT NULL,
  PRIMARY KEY (`userStatus_id`),
  UNIQUE KEY `userStatus_name` (`userStatus_name`)
) ENGINE=InnoDB AUTO_INCREMENT=5 DEFAULT CHARSET=utf8mb4 COLLATE=utf8mb4_general_ci;

--
-- Truncar tablas antes de insertar `userstatus`
--

TRUNCATE TABLE `userstatus`;
--
-- Volcado de datos para la tabla `userstatus`
--

INSERT INTO `userstatus` (`userStatus_id`, `userStatus_name`) VALUES
(4, 'Account deleted'),
(1, 'Active'),
(2, 'Blocked'),
(3, 'Inactive');

--
-- Restricciones para tablas volcadas
--

--
-- Filtros para la tabla `facture`
--
ALTER TABLE `facture`
  ADD CONSTRAINT `fk_factura_usuario` FOREIGN KEY (`user_fk`) REFERENCES `user` (`user_id`);

--
-- Filtros para la tabla `product`
--
ALTER TABLE `product`
  ADD CONSTRAINT `fk_categoria` FOREIGN KEY (`id_category`) REFERENCES `category_product` (`id_category`),
  ADD CONSTRAINT `fk_product_status` FOREIGN KEY (`id_status`) REFERENCES `product_status` (`id_status`);

--
-- Filtros para la tabla `product_invoice_detail`
--
ALTER TABLE `product_invoice_detail`
  ADD CONSTRAINT `fk_detail_invoice_product_product` FOREIGN KEY (`id_product`) REFERENCES `product` (`id_product`),
  ADD CONSTRAINT `fk_product_invoice_detail` FOREIGN KEY (`id_facture`) REFERENCES `facture` (`id_facture`);

--
-- Filtros para la tabla `quotes`
--
ALTER TABLE `quotes`
  ADD CONSTRAINT `fk_appointment_user` FOREIGN KEY (`user_id`) REFERENCES `user` (`user_id`),
  ADD CONSTRAINT `fk_barber_user` FOREIGN KEY (`barber_id`) REFERENCES `user` (`user_id`),
  ADD CONSTRAINT `fk_quotes_services` FOREIGN KEY (`id_services`) REFERENCES `services` (`id_services`);

--
-- Filtros para la tabla `role_module`
--
ALTER TABLE `role_module`
  ADD CONSTRAINT `role_module_module` FOREIGN KEY (`module_fk`) REFERENCES `module` (`module_id`),
  ADD CONSTRAINT `role_module_role` FOREIGN KEY (`role_fk`) REFERENCES `role` (`role_id`);

--
-- Filtros para la tabla `services`
--
ALTER TABLE `services`
  ADD CONSTRAINT `fk_categoria_Servicios` FOREIGN KEY (`id_category_services`) REFERENCES `category_services` (`id_category_services`),
  ADD CONSTRAINT `fk_status` FOREIGN KEY (`id_status`) REFERENCES `service_status` (`id_status`);

--
-- Filtros para la tabla `service_invoice_detail`
--
ALTER TABLE `service_invoice_detail`
  ADD CONSTRAINT `fk_detail_invoice_service_service` FOREIGN KEY (`id_services`) REFERENCES `services` (`id_services`),
  ADD CONSTRAINT `fk_service_invoice_detail` FOREIGN KEY (`id_facture`) REFERENCES `facture` (`id_facture`);

--
-- Filtros para la tabla `type_of_quotes`
--
ALTER TABLE `type_of_quotes`
  ADD CONSTRAINT `fk_type_appointment_service` FOREIGN KEY (`id_services`) REFERENCES `services` (`id_services`),
  ADD CONSTRAINT `fk_type_citation_citation` FOREIGN KEY (`id_quotes`) REFERENCES `quotes` (`id_quotes`);

--
-- Filtros para la tabla `user`
--
ALTER TABLE `user`
  ADD CONSTRAINT `fk_id_tipo_docuemnto_User` FOREIGN KEY (`type_document_id`) REFERENCES `document_type` (`id_doctypes`),
  ADD CONSTRAINT `user_role` FOREIGN KEY (`role_fk`) REFERENCES `role` (`role_id`),
  ADD CONSTRAINT `user_status` FOREIGN KEY (`userStatus_fk`) REFERENCES `userstatus` (`userStatus_id`);
COMMIT;

/*!40101 SET CHARACTER_SET_CLIENT=@OLD_CHARACTER_SET_CLIENT */;
/*!40101 SET CHARACTER_SET_RESULTS=@OLD_CHARACTER_SET_RESULTS */;
/*!40101 SET COLLATION_CONNECTION=@OLD_COLLATION_CONNECTION */;
